{
  "global_mean": 0.08271136669521595,
  "corridor": {
    "Airport New South Road": 0.1044776119402985,
    "Bannerghata Road": 0.03349282296650718,
    "Bellary Road 1": 0.054098360655737705,
    "Bellary Road 2": 0.0316622691292876,
    "CBD 1": 0.11538461538461539,
    "CBD 2": 0.0673076923076923,
    "Hennur Main Road": 0.0625,
    "Hosur Road": 0.05704697986577181,
    "IRR(Thanisandra road)": 0.06315789473684211,
    "Magadi Road": 0.04081632653061224,
    "Mysore Road": 0.11036339165545088,
    "Non-corridor": 0.12099871959026888,
    "ORR East 1": 0.07377049180327869,
    "ORR East 2": 0.016042780748663103,
    "ORR North 1": 0.08,
    "ORR North 2": 0.0425531914893617,
    "ORR West 1": 0.02976190476190476,
    "Old Airport Road": 0.07894736842105263,
    "Old Madras Road": 0.045627376425855515,
    "Tumkur Road": 0.026200873362445413,
    "Varthur Road": 0.11688311688311688,
    "West of Chord Road": 0.06321839080459771,
    "unknown": 0.0
  },
  "police_station": {
    "Adugodi": 0.09166666666666666,
    "Ashok Nagar": 0.09941520467836257,
    "Banashankari": 0.029411764705882353,
    "Banaswadi": 0.09387755102040816,
    "Basavanagudi": 0.2127659574468085,
    "Bellandur": 0.09183673469387756,
    "Byatarayanapura": 0.04377104377104377,
    "Chamarajpet": 0.13541666666666666,
    "Chikkabanavara": 0.03389830508474576,
    "Chikkajala": 0.013513513513513514,
    "City Market": 0.2222222222222222,
    "Cubbon Park": 0.07547169811320754,
    "Devanahalli Airport": 0.02702702702702703,
    "Electronic City": 0.04838709677419355,
    "HAL Old Airport": 0.04986149584487535,
    "HSR Layout": 0.08620689655172414,
    "Halasur": 0.0847457627118644,
    "Halasuru Gate": 0.15151515151515152,
    "Hebbala": 0.07407407407407407,
    "Hennuru": 0.08333333333333333,
    "High ground": 0.10810810810810811,
    "Hulimavu": 0.008547008547008548,
    "J.P. Nagar": 0.08870967741935484,
    "Jalahalli": 0.07106598984771574,
    "Jayanagara": 0.11235955056179775,
    "Jeevanbheemanagar": 0.09448818897637795,
    "Jnanabharathi": 0.07462686567164178,
    "K.G. Halli": 0.2702702702702703,
    "K.R. Pura": 0.12719298245614036,
    "K.S. Layout": 0.0449438202247191,
    "Kamakshipalya": 0.07589285714285714,
    "Kengeri": 0.36363636363636365,
    "Kodigehalli": 0.058823529411764705,
    "Madiwala": 0.043478260869565216,
    "Magadi Road": 0.056338028169014086,
    "Mahadevapura": 0.05,
    "Malleshwaram": 0.1,
    "Mico Layout": 0.06896551724137931,
    "No Police Station": 0.0776255707762557,
    "Peenya": 0.03932584269662921,
    "Pulikeshinagar(F.Town)": 0.21621621621621623,
    "R.T. Nagar": 0.11023622047244094,
    "Rajajinagar": 0.08653846153846154,
    "Sadashivanagar": 0.0728476821192053,
    "Sheshadripuram": 0.15447154471544716,
    "Shivajinagar": 0.08602150537634409,
    "Thalagattapura": 0.14,
    "Upparpet": 0.14285714285714285,
    "V.V.Puram (C.Pet)": 0.08108108108108109,
    "Vijayanagara": 0.08620689655172414,
    "Whitefield": 0.04419889502762431,
    "Wilson Garden": 0.17142857142857143,
    "Yelahanka": 0.03713527851458886,
    "Yeshwanthpura": 0.03571428571428571
  },
  "event_cause": {
    "Debris": 0.08333333333333333,
    "Fog / Low Visibility": 0.0,
    "accident": 0.030136986301369864,
    "congestion": 0.04411764705882353,
    "construction": 0.26458333333333334,
    "debris": 1.0,
    "others": 0.08620689655172414,
    "pot_holes": 0.024208566108007448,
    "procession": 0.2638888888888889,
    "protest": 0.4,
    "public_event": 0.4642857142857143,
    "road_conditions": 0.12352941176470589,
    "test_demo": 0.0,
    "tree_fall": 0.39436619718309857,
    "vehicle_breakdown": 0.0428921568627451,
    "vip_movement": 0.8,
    "water_logging": 0.0851528384279476
  },
  "geo_cluster": {
    "0": 0.10810810810810811,
    "1": 0.05536912751677853,
    "2": 0.04861111111111111,
    "3": 0.041666666666666664,
    "4": 0.1166077738515901,
    "5": 0.04716981132075472,
    "6": 0.06963788300835655,
    "7": 0.11049723756906077,
    "8": 0.03896103896103896,
    "9": 0.05305039787798409,
    "10": 0.020833333333333332,
    "11": 0.059907834101382486,
    "12": 0.09427609427609428,
    "13": 0.08419243986254296,
    "14": 0.03968253968253968,
    "15": 0.07407407407407407,
    "16": 0.08312342569269521,
    "17": 0.01282051282051282,
    "18": 0.0687732342007435,
    "19": 0.04946996466431095,
    "20": 0.1346153846153846,
    "21": 0.06928406466512702,
    "22": 0.3220338983050847,
    "23": 0.07220216606498195,
    "24": 0.15463917525773196
  },
  "zone": {
    "Central Zone 1": 0.1412639405204461,
    "Central Zone 2": 0.08667736757624397,
    "East Zone 1": 0.05928853754940711,
    "East Zone 2": 0.14210526315789473,
    "North Zone 1": 0.10062893081761007,
    "North Zone 2": 0.053268765133171914,
    "South Zone 1": 0.04721030042918455,
    "South Zone 2": 0.05084745762711865,
    "West Zone 1": 0.06697459584295612,
    "West Zone 2": 0.0446927374301676,
    "unknown": 0.08754493550433495
  },
  "veh_type": {
    "auto": 0.10810810810810811,
    "bmtc_bus": 0.049795361527967257,
    "heavy_vehicle": 0.04248704663212435,
    "ksrtc_bus": 0.02304147465437788,
    "lcv": 0.02654867256637168,
    "others": 0.035634743875278395,
    "private_bus": 0.055710306406685235,
    "private_car": 0.04057971014492753,
    "taxi": 0.021052631578947368,
    "truck": 0.05434782608695652,
    "unknown": 0.14242239805234327
  }
}